CREATE DATABASE TTWS;
USE ttws;

CREATE TABLE ROL
(
ID_ROL INT NOT NULL AUTO_INCREMENT,
DESC_ROL VARCHAR(50) NOT NULL,
PRIMARY KEY (ID_ROL)
);

CREATE TABLE USER (
ID_USER INT NOT NULL AUTO_INCREMENT,
NAME VARCHAR(50) NOT NULL,
LAST_NAME VARCHAR(100) NOT NULL,
EMAIL VARCHAR(50) NOT NULL,
PASS VARCHAR(10) NOT NULL,
ID_ROL INT NOT NULL,
PRIMARY KEY (ID_USER)
);


CREATE TABLE FOLIO
(
ID_FOLIO INT NOT NULL,
BEGINNIG VARCHAR(100) NOT NULL,
DESTINATION VARCHAR(100) NOT NULL,
CURRENT_STATUS CHAR(3) NOT NULL,
PRIMARY KEY (ID_FOLIO)
);


CREATE TABLE FOLLOWUP
(
ID_FOLIO INT NOT NULL,
ID_USER INT NOT NULL
);


INSERT INTO ROL (DESC_ROL) VALUES('Administrador');
INSERT INTO ROL (DESC_ROL) VALUES('Pasajero');
INSERT INTO ROL (DESC_ROL) VALUES('Cliente');

INSERT INTO USER (NAME, LAST_NAME, EMAIL, PASS, ID_ROL) VALUES('Jhon','Perez','jhon.p@gmail.com','12345abcde',1);
INSERT INTO USER (NAME, LAST_NAME, EMAIL, PASS, ID_ROL) VALUES('Paul','Rodriguez','paul.r@gmail.com','abcde12345',2);
INSERT INTO USER (NAME, LAST_NAME, EMAIL, PASS, ID_ROL) VALUES('Mauricio','Martinez','Mau.Martinez@gmail.com','12ab345cde',3);
INSERT INTO USER (NAME, LAST_NAME, EMAIL, PASS, ID_ROL) VALUES('Lore','Gonzales','lore.g@gmail.com','15abcd234e',2);
INSERT INTO USER (NAME, LAST_NAME, EMAIL, PASS, ID_ROL) VALUES('Vale','Mancilla','vale.manc@gmail.com','e34a12bcd5',2);
INSERT INTO USER (NAME, LAST_NAME, EMAIL, PASS, ID_ROL) VALUES('Luci','Martines','vale.manc@gmail.com','e12a34b5dc',3);

INSERT INTO FOLIO VALUES(1000001,'Mexico','Queretaro','pu');
INSERT INTO FOLIO VALUES(1000002,'Dolore','San Luis','ch');
INSERT INTO FOLIO VALUES(2000003,'San Miguel','Celaya','onf');
INSERT INTO FOLIO VALUES(2000004,'San Jose','San luis Potosi','cc');
INSERT INTO FOLIO VALUES(1000005,'Morelos','Chihuahua','del');
INSERT INTO FOLIO VALUES(2000006,'Sinaloa','Tamaulipas','na');
INSERT INTO FOLIO VALUES(1000007,'Veracrus','Nuevo Laredo','cc');

INSERT INTO FOLLOWUP VALUES (1000001,1);
INSERT INTO FOLLOWUP VALUES (1000002,2);
INSERT INTO FOLLOWUP VALUES (1000003,3);

INSERT INTO FOLLOWUP VALUES (1000002,3);
INSERT INTO FOLLOWUP VALUES (1000003,4);
INSERT INTO FOLLOWUP VALUES (1000001,2);

INSERT INTO FOLLOWUP VALUES (1000007,3);
INSERT INTO FOLLOWUP VALUES (1000005,5);
INSERT INTO FOLLOWUP VALUES (1000005,2);

INSERT INTO FOLLOWUP VALUES (1000007,2);
INSERT INTO FOLLOWUP VALUES (2000006,3);
INSERT INTO FOLLOWUP VALUES (2000004,4);